{
  "advantage_mean": [
    0.11547414501707758,
    0.3423909709681219,
    0.1344566153521514,
    0.04590133973701516,
    -0.04603142666457286,
    0.0388025523430139,
    0.05875933086452772,
    0.0951291184928549,
    0.017123150466075494,
    0.08033228735228878,
    0.032003013572501175,
    0.02723852378040103,
    -0.00803123071565101,
    0.02623559577980233,
    -0.13317501509009894,
    0.10449372871437264,
    0.02472587278739891,
    -0.07022220477386934,
    0.07625041559113929,
    -0.08277095622153738,
    -0.04873912945464628,
    0.03582369167002002,
    0.10732471715265782,
    0.03348349949822354,
    0.13739778911648085,
    0.22274534905975188
  ],
  "advantage_mean_T": [
    1990,
    13930,
    25870,
    37810,
    49750,
    61690,
    73630,
    85570,
    97510,
    109450,
    121390,
    133330,
    145270,
    157210,
    169150,
    181090,
    193030,
    204970,
    216910,
    228850,
    240790,
    252730,
    264670,
    276610,
    288550,
    300490
  ],
  "agent_grad_norm": [
    0.9453084468841553,
    0.22973202168941498,
    0.07809261232614517,
    0.12996158003807068,
    0.08190932124853134,
    0.14372515678405762,
    0.16054436564445496,
    0.07580963522195816,
    0.07733527570962906,
    0.09351000189781189,
    0.17753846943378448,
    0.6793038845062256,
    0.0924188643693924,
    0.027660740539431572,
    0.12936176359653473,
    0.20139917731285095,
    0.132482647895813,
    0.12192117422819138,
    0.10911799967288971,
    0.13255880773067474,
    0.07996377348899841,
    0.16789206862449646,
    0.0471162386238575,
    0.5662068128585815,
    0.33927062153816223,
    1.1008800268173218
  ],
  "agent_grad_norm_T": [
    1990,
    13930,
    25870,
    37810,
    49750,
    61690,
    73630,
    85570,
    97510,
    109450,
    121390,
    133330,
    145270,
    157210,
    169150,
    181090,
    193030,
    204970,
    216910,
    228850,
    240790,
    252730,
    264670,
    276610,
    288550,
    300490
  ],
  "critic_grad_norm": [
    4.153435230255127,
    17.73204231262207,
    3.8682754039764404,
    1.7976831197738647,
    1.8270920515060425,
    1.4664075374603271,
    2.6605827808380127,
    3.7688510417938232,
    1.3954215049743652,
    4.309624195098877,
    0.8145074844360352,
    1.691676139831543,
    0.8677939772605896,
    1.5540376901626587,
    5.171259880065918,
    3.41270112991333,
    2.462826728820801,
    1.7038015127182007,
    2.087219715118408,
    2.348092555999756,
    1.786096215248108,
    0.6209295988082886,
    3.266515016555786,
    1.2822202444076538,
    6.630257606506348,
    10.528831481933594
  ],
  "critic_grad_norm_T": [
    1990,
    13930,
    25870,
    37810,
    49750,
    61690,
    73630,
    85570,
    97510,
    109450,
    121390,
    133330,
    145270,
    157210,
    169150,
    181090,
    193030,
    204970,
    216910,
    228850,
    240790,
    252730,
    264670,
    276610,
    288550,
    300490
  ],
  "critic_loss": [
    0.789205014705658,
    0.8405178189277649,
    0.5537557601928711,
    0.4996158480644226,
    0.6218703389167786,
    0.636974036693573,
    0.6472012400627136,
    0.5631653070449829,
    0.8967504501342773,
    0.6957871317863464,
    0.769394040107727,
    0.7289626002311707,
    0.6940382122993469,
    0.6941209435462952,
    0.7096198797225952,
    0.7248761057853699,
    0.7729251980781555,
    0.795132040977478,
    0.8058871626853943,
    0.8631947040557861,
    0.7431954741477966,
    0.7898116111755371,
    0.7626745700836182,
    0.6451702117919922,
    0.8019806146621704,
    0.8295552134513855
  ],
  "critic_loss_T": [
    1990,
    13930,
    25870,
    37810,
    49750,
    61690,
    73630,
    85570,
    97510,
    109450,
    121390,
    133330,
    145270,
    157210,
    169150,
    181090,
    193030,
    204970,
    216910,
    228850,
    240790,
    252730,
    264670,
    276610,
    288550,
    300490
  ],
  "ep_length_mean": [
    199.0,
    199.0,
    199.0,
    199.0,
    199.0,
    199.0,
    199.0,
    199.0,
    199.0,
    199.0,
    199.0,
    199.0,
    199.0,
    199.0,
    199.0,
    199.0,
    199.0,
    199.0,
    199.0,
    199.0,
    199.0,
    199.0,
    199.0,
    199.0,
    199.0,
    199.0
  ],
  "ep_length_mean_T": [
    1990,
    13930,
    25870,
    37810,
    49750,
    61690,
    73630,
    85570,
    97510,
    109450,
    121390,
    133330,
    145270,
    157210,
    169150,
    181090,
    193030,
    204970,
    216910,
    228850,
    240790,
    252730,
    264670,
    276610,
    288550,
    300490
  ],
  "episode": [
    260,
    520,
    780,
    1040,
    1300
  ],
  "episode_T": [
    51740,
    103480,
    155220,
    206960,
    258700
  ],
  "pg_loss": [
    -0.13096944987773895,
    -0.35819631814956665,
    -0.1482337862253189,
    -0.05975154787302017,
    0.031941719353199005,
    -0.05324768275022507,
    -0.07376333326101303,
    -0.10906864702701569,
    -0.031023921445012093,
    -0.09426431357860565,
    -0.046069927513599396,
    -0.04093776270747185,
    -0.0055118645541369915,
    -0.03963816538453102,
    0.12062767893075943,
    -0.11621834337711334,
    -0.037054259330034256,
    0.0565449558198452,
    -0.08943447470664978,
    0.06795549392700195,
    0.03443920984864235,
    -0.0483396090567112,
    -0.12051180750131607,
    -0.045637112110853195,
    -0.15048474073410034,
    -0.23593252897262573
  ],
  "pg_loss_T": [
    1990,
    13930,
    25870,
    37810,
    49750,
    61690,
    73630,
    85570,
    97510,
    109450,
    121390,
    133330,
    145270,
    157210,
    169150,
    181090,
    193030,
    204970,
    216910,
    228850,
    240790,
    252730,
    264670,
    276610,
    288550,
    300490
  ],
  "pi_max": [
    0.3911927189659234,
    0.32264545383165827,
    0.31611285185694094,
    0.32863367742030464,
    0.3156802690208857,
    0.3116444650007852,
    0.30132452423249056,
    0.3370211347263662,
    0.3584761269727544,
    0.32416360366284547,
    0.321474498959642,
    0.3926530540888034,
    0.4190742837723775,
    0.44000262543184676,
    0.47297823345241835,
    0.4464645615774183,
    0.46168025797934986,
    0.3858554245838568,
    0.3993871334210113,
    0.40544059408369976,
    0.4498174466080402,
    0.39434216369935615,
    0.39557587129985866,
    0.4096149693781407,
    0.3950808731155779,
    0.37954365332521983
  ],
  "pi_max_T": [
    1990,
    13930,
    25870,
    37810,
    49750,
    61690,
    73630,
    85570,
    97510,
    109450,
    121390,
    133330,
    145270,
    157210,
    169150,
    181090,
    193030,
    204970,
    216910,
    228850,
    240790,
    252730,
    264670,
    276610,
    288550,
    300490
  ],
  "q_taken_mean": [
    -0.0840656529718907,
    0.34995221468671484,
    0.3451658315994033,
    0.25492762273280467,
    0.3362711997487437,
    0.19368082171109455,
    0.10067206147927135,
    0.005248536536441976,
    0.28031554869071923,
    0.21189777623468908,
    0.13595703738418655,
    0.19441215476798052,
    0.28704901460427135,
    0.3386782545540201,
    0.46600915343318156,
    0.16750503616716395,
    0.2585091902383009,
    0.27135095644236806,
    0.3002774492580088,
    0.41450787261502825,
    0.35191184192446606,
    0.19490319640193154,
    0.17997878184869662,
    0.3792885631772142,
    0.22688471348441425,
    0.03464894893780426
  ],
  "q_taken_mean_T": [
    1990,
    13930,
    25870,
    37810,
    49750,
    61690,
    73630,
    85570,
    97510,
    109450,
    121390,
    133330,
    145270,
    157210,
    169150,
    181090,
    193030,
    204970,
    216910,
    228850,
    240790,
    252730,
    264670,
    276610,
    288550,
    300490
  ],
  "return_mean": [
    {
      "dtype": "float64",
      "py/object": "numpy.float64",
      "value": 41086.069200280544
    },
    {
      "dtype": "float64",
      "py/object": "numpy.float64",
      "value": 76658.14910564228
    },
    {
      "dtype": "float64",