{
  "ep_length_mean": [
    199.0,
    199.0,
    199.0,
    199.0,
    199.0,
    199.0,
    199.0,
    199.0,
    199.0,
    199.0,
    199.0,
    199.0,
    199.0,
    199.0,
    199.0,
    199.0,
    199.0,
    199.0,
    199.0,
    199.0,
    199.0,
    199.0,
    199.0,
    199.0,
    199.0
  ],
  "ep_length_mean_T": [
    1990,
    13930,
    25870,
    37810,
    49750,
    61690,
    73630,
    85570,
    97510,
    109450,
    121390,
    133330,
    145270,
    157210,
    169150,
    181090,
    193030,
    204970,
    216910,
    228850,
    240790,
    252730,
    264670,
    276610,
    288550
  ],
  "episode": [
    260,
    520,
    780,
    1040,
    1300
  ],
  "episode_T": [
    51740,
    103480,
    155220,
    206960,
    258700
  ],
  "epsilon": [
    1.0,
    0.77314,
    0.5462800000000001,
    0.31942000000000004,
    0.09256000000000009,
    0.05,
    0.05,
    0.05,
    0.05,
    0.05,
    0.05,
    0.05,
    0.05,
    0.05,
    0.05,
    0.05,
    0.05,
    0.05,
    0.05,
    0.05,
    0.05,
    0.05,
    0.05,
    0.05,
    0.05
  ],
  "epsilon_T": [
    1990,
    13930,
    25870,
    37810,
    49750,
    61690,
    73630,
    85570,
    97510,
    109450,
    121390,
    133330,
    145270,
    157210,
    169150,
    181090,
    193030,
    204970,
    216910,
    228850,
    240790,
    252730,
    264670,
    276610,
    288550
  ],
  "grad_norm": [
    15642486.0,
    29363348.0,
    16862216.0,
    5887510.0,
    104739464.0,
    20703806.0,
    7118736.0,
    1131868.0,
    2152342.25,
    4763536.0,
    5680675.0,
    1867400.75,
    8863712.0,
    5900426.0,
    4492778.5,
    884364.625,
    1960040.375,
    2350235.25,
    2016583.125,
    806371.9375,
    717492.6875,
    1144001.25,
    644360.9375,
    371102.6875,
    851500.5
  ],
  "grad_norm_T": [
    7960,
    19900,
    31840,
    43780,
    55720,
    67660,
    79600,
    91540,
    103480,
    115420,
    127360,
    139300,
    151240,
    163180,
    175120,
    187060,
    199000,
    210940,
    222880,
    234820,
    246760,
    258700,
    270640,
    282580,
    294520
  ],
  "loss": [
    1671037.125,
    1527012.5,
    926980.0,
    469702.875,
    6089629.0,
    1265189.25,
    585086.375,
    347084.25,
    456439.875,
    709064.0625,
    680362.1875,
    375124.90625,
    523714.0,
    337055.4375,
    440968.59375,
    468624.46875,
    410012.9375,
    348524.75,
    301210.375,
    382490.9375,
    279910.15625,
    386007.71875,
    258193.5625,
    301534.40625,
    250534.390625
  ],
  "loss_T": [
    7960,
    19900,
    31840,
    43780,
    55720,
    67660,
    79600,
    91540,
    103480,
    115420,
    127360,
    139300,
    151240,
    163180,
    175120,
    187060,
    199000,
    210940,
    222880,
    234820,
    246760,
    258700,
    270640,
    282580,
    294520
  ],
  "q_taken_mean": [
    158.43577261306532,
    576.7389290201005,
    615.7295461683417,
    713.697942839196,
    554.251334798995,
    220.8917831344221,
    182.4815091080402,
    74.93002610709799,
    90.37873940012562,
    115.86648084170854,
    146.8369680433417,
    240.78140703517587,
    341.7622487437186,
    361.7360631281407,
    252.89600345477388,
    190.35307396356785,
    212.43795147613065,
    231.33821451005025,
    258.13665986180905,
    211.85330951633165,
    165.84194409547737,
    279.32105841708545,
    308.3363497173367,
    230.67762641331657,
    294.66502434045225
  ],
  "q_taken_mean_T": [
    7960,
    19900,
    31840,
    43780,
    55720,
    67660,
    79600,
    91540,
    103480,
    115420,
    127360,
    139300,
    151240,
    163180,
    175120,
    187060,
    199000,
    210940,
    222880,
    234820,
    246760,
    258700,
    270640,
    282580,
    294520
  ],
  "return_mean": [
    {
      "dtype": "float64",
      "py/object": "numpy.float64",
      "value": 130050.06802000967
    },
    {
      "dtype": "float64",
      "py/object": "numpy.float64",
      "value": 109956.79798723446
    },
    {
      "dtype": "float64",
      "py/object": "numpy.float64",
      "value": 78374.33621469
    },
    {
      "dtype": "float64",
      "py/object": "numpy.float64",
      "value": 80111.58510137767
    },
    {
      "dtype": "float64",
      "py/object": "numpy.float64",
      "value": 89455.930137533
    },
    {
      "dtype": "float64",
      "py/object": "numpy.float64",
      "value": 81622.1809348269
    },
    {
      "dtype": "float64",
      "py/object": "numpy.float64",
      "value": 69005.07191028041
    },
    {
      "dtype": "float64",
      "py/object": "numpy.float64",
      "value": 43135.23498514171
    },
    {
      "dtype": "float64",
      "py/object": "numpy.float64",
      "value": 64244.055754392095
    },
    {
      "dtype": "float64",
      "py/object": "numpy.float64",
      "value": 82754.92228098292
    },
    {
      "dtype": "float64",
      "py/object": "numpy.float64",
      "value": 69812.49587851626
    },
    {
      "dtype": "float64",
      "py/object": "numpy.float64",
      "value": 86443.74771209358
    },
    {
      "dtype": "float64",
      "py/object": "numpy.float64",
      "value": 81800.66776268199
    },
    {
      "dtype": "float64",
      "py/object": "numpy.float64",
      "value": 43282.142208545345
    },
    {
      "dtype": "float64",
      "py/object": "numpy.float64",
      "value": 52271.60905585729
    },
    {
      "dtype": "float64",
      "py/object": "numpy.float64",
      "value": 115550.30378458017
    },
    {
      "dtype": "float64",
      "py/object": "numpy.float64",
      "value": 94726.42489988061
    },
    {
      "dtype": "float64",
      "py/object": "numpy.float64",
      "value": 82261.7541519277
    },
    {
      "dtype": "float64",
      "py/object": "numpy.float64",
      "value": 84430.91771719465
    },
    {
      "dtype": "float64",
      "py/object": "numpy.float64",
      "value": 101634.85550634131
    },
    {
      "dtype": "float64",
      "py/object": "numpy.float64",
      "value": 127138.44446277722
    },
    {
      "dtype": "float64",
      "py/object": "numpy.float64",
      "value": 136203.39208755424
    },
    {
      "dtype": "float64",
      "py/object": "numpy.float64",
      "value": 124117.06190827419
    },
    {
      "dtype": "float64",
      "py/object": "numpy.float64",
      "value": 130601.29037578517
    },
    {
      "dtype": "float64",
      "py/object": "numpy.float64",
      "value": 132595.26830292665
    }
  ],
  "return_mean_T": [
    1990,
    13930,
    25870,
    37810,
    49750,
    61690,
    73630,
    85570,
    97510,
    109450,
    121390,
    133330,
    145270,
    157210,
    169150,
    181090,
    193030,
    204970,
    216910,
    228850,
    240790,
    252730,
    264670,
    276610,
    288550
  ],
  "return_std": [
    {
      "dtype": "float64",
      "py/object": "numpy.float64",
      "value": 11527.132744705194
    },
    {
      "dtype": "float64",
      "py/object": "numpy.float64",
      "value": 19678.213295878544
    },
    {
      "dtype": "float64",
      "py/object": "numpy.float64",
      "value": 17760.520990311088
    },
    {
      "dtype": "float64",
      "py/object": "numpy.float64",
      "value": 29205.05002273852
    },
    {
      "dtype": "float64",
      "py/object": "numpy.float64",
      "value": 41551.97663982224
    },
    {
      "dtype": "float64",
      "py/object": "numpy.float64",
      "value": 53127.24102956581
    },
    {
      "dtype": "float64",
      "py/object": "numpy.float64",
      "value": 51145.78563506105
    },
    {
      "dtype": "float64",
      "py/object": "numpy.float64",
      "value": 60240.23515878234
    },
    {
      "dtype": "float64",
      "py/object": "numpy.float64",
      "value": 58835.83862255777
    },
    {
      "dtype": "float64",
      "py/object": "numpy.float64",
      "value": 52088.92166552635
    },
    {
      "dtype": "float64",