{
  "ep_length_mean": [
    199.0,
    199.0,
    199.0,
    199.0,
    199.0,
    199.0,
    199.0,
    199.0,
    199.0,
    199.0,
    199.0,
    199.0,
    199.0,
    199.0,
    199.0,
    199.0,
    199.0,
    199.0,
    199.0,
    199.0,
    199.0,
    199.0,
    199.0,
    199.0,
    199.0,
    199.0
  ],
  "ep_length_mean_T": [
    1990,
    13930,
    25870,
    37810,
    49750,
    61690,
    73630,
    85570,
    97510,
    109450,
    121390,
    133330,
    145270,
    157210,
    169150,
    181090,
    193030,
    204970,
    216910,
    228850,
    240790,
    252730,
    264670,
    276610,
    288550,
    300490
  ],
  "episode": [
    260,
    520,
    780,
    1040,
    1300
  ],
  "episode_T": [
    51740,
    103480,
    155220,
    206960,
    258700
  ],
  "epsilon": [
    1.0,
    0.77314,
    0.5462800000000001,
    0.31942000000000004,
    0.09256000000000009,
    0.05,
    0.05,
    0.05,
    0.05,
    0.05,
    0.05,
    0.05,
    0.05,
    0.05,
    0.05,
    0.05,
    0.05,
    0.05,
    0.05,
    0.05,
    0.05,
    0.05,
    0.05,
    0.05,
    0.05,
    0.05
  ],
  "epsilon_T": [
    1990,
    13930,
    25870,
    37810,
    49750,
    61690,
    73630,
    85570,
    97510,
    109450,
    121390,
    133330,
    145270,
    157210,
    169150,
    181090,
    193030,
    204970,
    216910,
    228850,
    240790,
    252730,
    264670,
    276610,
    288550,
    300490
  ],
  "grad_norm": [
    28231.75,
    28237.353515625,
    27579.78515625,
    26217.326171875,
    20123.21875,
    19409.298828125,
    29410.5,
    18676.03125,
    20985.67578125,
    15986.9794921875,
    6379.0986328125,
    16937.626953125,
    7922.49755859375,
    10630.4306640625,
    9099.7529296875,
    9246.984375,
    8114.97021484375,
    10498.486328125,
    9613.6298828125,
    20256.0390625,
    21181.41015625,
    23865.2578125,
    19623.71484375,
    38241.64453125,
    39586.875,
    56790.26953125
  ],
  "grad_norm_T": [
    7960,
    19900,
    31840,
    43780,
    55720,
    67660,
    79600,
    91540,
    103480,
    115420,
    127360,
    139300,
    151240,
    163180,
    175120,
    187060,
    199000,
    210940,
    222880,
    234820,
    246760,
    258700,
    270640,
    282580,
    294520,
    306460
  ],
  "loss": [
    595369.5,
    470198.59375,
    408275.40625,
    311963.96875,
    198920.0,
    214228.765625,
    283508.28125,
    155964.125,
    169325.96875,
    107241.046875,
    61584.28125,
    130196.46875,
    73906.4296875,
    94461.78125,
    98620.609375,
    105602.9453125,
    63739.24609375,
    95257.828125,
    98346.03125,
    127763.8359375,
    126433.3671875,
    145450.578125,
    124281.5390625,
    150918.1875,
    145001.1875,
    212985.25
  ],
  "loss_T": [
    7960,
    19900,
    31840,
    43780,
    55720,
    67660,
    79600,
    91540,
    103480,
    115420,
    127360,
    139300,
    151240,
    163180,
    175120,
    187060,
    199000,
    210940,
    222880,
    234820,
    246760,
    258700,
    270640,
    282580,
    294520,
    306460
  ],
  "q_taken_mean": [
    0.2336475238129122,
    0.8875702517715531,
    1.5637349651087469,
    2.6066882262876883,
    4.030732581363851,
    4.86491171678706,
    5.63044961133794,
    7.748081226444723,
    9.128603834602702,
    11.295540201005025,
    13.81569713803392,
    14.862261748194095,
    17.90162482333543,
    19.622602759893216,
    20.5663743522299,
    22.537658998115578,
    23.988460368247488,
    25.08481862437186,
    25.565292281721106,
    26.638681689698494,
    26.33717415201005,
    30.67899556375628,
    31.974059751884422,
    35.330404463724875,
    38.08373164651382,
    42.61952830559045
  ],
  "q_taken_mean_T": [
    7960,
    19900,
    31840,
    43780,
    55720,
    67660,
    79600,
    91540,
    103480,
    115420,
    127360,
    139300,
    151240,
    163180,
    175120,
    187060,
    199000,
    210940,
    222880,
    234820,
    246760,
    258700,
    270640,
    282580,
    294520,
    306460
  ],
  "return_mean": [
    {
      "dtype": "float64",
      "py/object": "numpy.float64",
      "value": 134198.5096075546
    },
    {
      "dtype": "float64",
      "py/object": "numpy.float64",
      "value": 108715.93023017664
    },
    {
      "dtype": "float64",
      "py/object": "numpy.float64",
      "value": 62659.68623740915
    },
    {
      "dtype": "float64",
      "py/object": "numpy.float64",
      "value": 33515.846876157666
    },
    {
      "dtype": "float64",
      "py/object": "numpy.float64",
      "value": 13630.760876722785
    },
    {
      "dtype": "float64",
      "py/object": "numpy.float64",
      "value": 2036.088833141014
    },
    {
      "dtype": "float64",
      "py/object": "numpy.float64",
      "value": 1842.3119367188285
    },
    {
      "dtype": "float64",
      "py/object": "numpy.float64",
      "value": 2099.6947816148586
    },
    {
      "dtype": "float64",
      "py/object": "numpy.float64",
      "value": 2267.0024502405936
    },
    {
      "dtype": "float64",
      "py/object": "numpy.float64",
      "value": 2571.472815879787
    },
    {
      "dtype": "float64",
      "py/object": "numpy.float64",
      "value": 5657.359807660255
    },
    {
      "dtype": "float64",
      "py/object": "numpy.float64",
      "value": 17401.588037259517
    },
    {
      "dtype": "float64",
      "py/object": "numpy.float64",
      "value": 20305.80975682745
    },
    {
      "dtype": "float64",
      "py/object": "numpy.float64",
      "value": 19672.918999250724
    },
    {
      "dtype": "float64",
      "py/object": "numpy.float64",
      "value": 19930.7118339899
    },
    {
      "dtype": "float64",
      "py/object": "numpy.float64",
      "value": 20518.37035391385
    },
    {
      "dtype": "float64",
      "py/object": "numpy.float64",
      "value": 20046.6132378424
    },
    {
      "dtype": "float64",
      "py/object": "numpy.float64",
      "value": 20137.58820364314
    },
    {
      "dtype": "float64",
      "py/object": "numpy.float64",
      "value": 20400.74473437787
    },
    {
      "dtype": "float64",
      "py/object": "numpy.float64",
      "value": 45180.03712012041
    },
    {
      "dtype": "float64",
      "py/object": "numpy.float64",
      "value": 92688.95907560344
    },
    {
      "dtype": "float64",
      "py/object": "numpy.float64",
      "value": 131648.61376159574
    },
    {
      "dtype": "float64",
      "py/object": "numpy.float64",
      "value": 124678.01741837173
    },
    {
      "dtype": "float64",
      "py/object": "numpy.float64",
      "value": 130269.08990352995
    },
    {
      "dtype": "float64",
      "py/object": "numpy.float64",
      "value": 136942.60124346128
    },
    {
      "dtype": "float64",
      "py/object": "numpy.float64",
      "value": 133247.65451365925
    }
  ],
  "return_mean_T": [
    1990,
    13930,
    25870,
    37810,
    49750,
    61690,
    73630,
    85570,
    97510,
    109450,
    121390,
    133330,
    145270,
    157210,
    169150,
    181090,
    193030,
    204970,
    216910,
    228850,
    240790,
    252730,
    264670,
    276610,
    288550,
    300490
  ],
  "return_std": [
    {
      "dtype": "float64",
      "py/object": "numpy.float64",
      "value": 20043.34603795125
    },
    {
      "dtype": "float64",
      "py/object": "numpy.float64",
      "value": 22166.15113657602
    },
    {
      "dtype": "float64",
      "py/object": "numpy.float64",
      "value": 18401.98622639365
    },
    {
      "dtype": "float64",
      "py/object": "numpy.float64",
      "value": 11699.266656551483
    },
    {
      "dtype": "float64",
      "py/object": "numpy.float64",
      "value": 8673.661166475471
    },
    {
      "dtype": "float64",
      "py/object": "numpy.float64",
      "value": 2362.4508469187576
    },
    {
      "dtype": "float64",
      "py/object": "numpy.float64",